{
  "version": "2.0",
  "functionTimeout": "00:10:00",
  "logging": {
    "applicationInsights": {
      "samplingSettings": {
        "isEnabled": true,
        "maxTelemetryItemsPerSecond": 15
      }
    },
    "logLevel": {
      "default": "Warning",
      "timerTrigger1": "Warning"
    }
  },
  "extensionBundle": {
    "id": "Microsoft.Azure.Functions.ExtensionBundle",
    "version": "[4.*, 5.0.0)"
  },
  "extensions": {
    "timers": {
      "scheduleMonitoringEnabled": true
    },
    "http": {
      "routePrefix": "api",
      "maxOutstandingRequests": 200,
      "maxConcurrentRequests": 100
    },
    "queues": {
      "batchSize": 16,
      "newBatchThreshold": 8
    }
  }
}